FileName,UsedByTicketArchive,UsedByMainSite,Category
.gitignore,FALSE,FALSE,Unreferenced / investigate
adele-madison-square-garden-2016_confetti.jpg,FALSE,FALSE,Supporting / ephemera
adele-madison-square-garden-2016_ticket-jacket.jpg,FALSE,FALSE,Supporting / ephemera
adele-radio-city-music-hall-2015_celebrity-list.jpg,FALSE,FALSE,Supporting / ephemera
Aerosmith__Frank Erwin Center_1997.jpg,FALSE,FALSE,Original / alternate ticket scan
aerosmith-frank-erwin-center-1997-share.jpg,FALSE,FALSE,Share image only
all-points-west-festival-liberty-state-park-2008.jpg,FALSE,FALSE,Unreferenced / investigate
anthony-photo.jpg,FALSE,FALSE,Unreferenced / investigate
anthony-photo.jpg.jpg,FALSE,FALSE,Unreferenced / investigate
Austin.jpg,FALSE,FALSE,Unreferenced / investigate
band-of-horses-david-letterman-2012_back.jpg,FALSE,FALSE,Supporting / ephemera
BKRL.jpg,FALSE,FALSE,Unreferenced / investigate
Blur_Smashmouth_Liberty Lunch_1997.jpg,FALSE,FALSE,Original / alternate ticket scan
blur-liberty-lunch-1997-share.jpg,FALSE,FALSE,Share image only
Collecting.jpg,FALSE,FALSE,Unreferenced / investigate
Cookies.jpg,FALSE,FALSE,Unreferenced / investigate
Counting Crows_Wallflowers_Frank Erwin Center_1997.jpg,FALSE,FALSE,Original / alternate ticket scan
Dad_Singing.jpg,FALSE,FALSE,Unreferenced / investigate
eels-terminal-five-2010_backstage_pass.jpg,FALSE,FALSE,Supporting / ephemera
index.html,FALSE,FALSE,Unreferenced / investigate
kanye-west-madison-square-garden-2008_afterparty-pass.jpg,FALSE,FALSE,Unreferenced / investigate
lucinda-williams-la zona rosa-2004_back-stage-pass.jpg,FALSE,FALSE,Supporting / ephemera
m83-razzmatazz-2012_backstage-pass.jpg,FALSE,FALSE,Supporting / ephemera
m83-razzmatazz-2012_backstage-porcelain-raft-lounge-sign.jpg,FALSE,FALSE,Supporting / ephemera
Me_Mom_Dad.jpg,FALSE,FALSE,Unreferenced / investigate
Me_Seanie.jpg,FALSE,FALSE,Unreferenced / investigate
Mexico_City.jpg,FALSE,FALSE,Unreferenced / investigate
Mickey_Me.jpg,FALSE,FALSE,Unreferenced / investigate
my-morning-jacket-david-letterman-2010_back.jpg,FALSE,FALSE,Supporting / ephemera
my-morning-jacket-david-terminal-five-2010_setlist.jpg,FALSE,FALSE,Supporting / ephemera
NY.jpg,FALSE,FALSE,Unreferenced / investigate
PS_OASIS.jpg,FALSE,FALSE,Unreferenced / investigate
PUBLISHING.md,FALSE,FALSE,Unreferenced / investigate
publish-site-from-spreadsheet.ps1,FALSE,FALSE,Unreferenced / investigate
rock-favicon-16.gif,FALSE,FALSE,Unreferenced / investigate
rock-favicon-32.gif,FALSE,FALSE,Unreferenced / investigate
shore-thang-auditorium-shores-2000_article.jpg,FALSE,FALSE,Supporting / ephemera
Snap_NY.jpg,FALSE,FALSE,Unreferenced / investigate
the-wallflowers-frank-erwin-center-1997-share.jpg,FALSE,FALSE,Share image only
Third Eye Blind_Austin Music Hall_1998.jpg,FALSE,FALSE,Original / alternate ticket scan
third-eye-blind-austin-music-hall-1998-share.jpg,FALSE,FALSE,Share image only
ticket-image-audit.csv,FALSE,FALSE,Unreferenced / investigate
tickets.js,FALSE,FALSE,Unreferenced / investigate
tickets.js.backup.20260318-192300.js,FALSE,FALSE,Unreferenced / investigate
Travel.jpg,FALSE,FALSE,Unreferenced / investigate
yeah-yeah-yeahs-webster-hall-2013_VIP-pass.jpg,FALSE,FALSE,Supporting / ephemera
adele-madison-square-garden-2016.jpg,TRUE,FALSE,Used by ticket archive
adele-radio-city-music-hall-2015.jpg,TRUE,FALSE,Used by ticket archive
aerosmith-frank-erwin-center-1997.jpg,TRUE,FALSE,Used by ticket archive
aimee-mann-hogg-auditorium-2005.jpg,TRUE,FALSE,Used by ticket archive
airport-2-rave-arks-ranch-2000.jpg,TRUE,FALSE,Used by ticket archive
animal-collective-antones-2007.jpg,TRUE,FALSE,Used by ticket archive
animal-collective-prospect-park-2011.jpg,TRUE,FALSE,Used by ticket archive
anohni-antony-and-the-johnsons-alice-tully-hall-2010.jpg,TRUE,FALSE,Used by ticket archive
arcade-fire-air-canada-center-2017.jpg,TRUE,FALSE,Used by ticket archive
arcade-fire-o2-arena-2010.jpg,TRUE,FALSE,Used by ticket archive
arcade-fire-stubbs-bbq-2005.jpg,TRUE,FALSE,Used by ticket archive
ariel-pink-webster-hall-2010.jpg,TRUE,FALSE,Used by ticket archive
band-of-horses-david-letterman-2012_front.jpg,TRUE,FALSE,Used by ticket archive
beach-house-bowery-ballroom-2008.jpg,TRUE,FALSE,Used by ticket archive
belle-and-sebastian-forest-hills-2018.jpg,TRUE,FALSE,Used by ticket archive
ben-harper-back-yard-2003.jpg,TRUE,FALSE,Used by ticket archive
beyonce-barclays-2013.jpg,TRUE,FALSE,Used by ticket archive
bikini-kill-terminal-five-2019.jpg,TRUE,FALSE,Used by ticket archive
blonde-redhead-emos-2004.jpg,TRUE,FALSE,Used by ticket archive
blur-liberty-lunch-1997.jpg,TRUE,FALSE,Used by ticket archive
blur-madison-square-garden-2015.jpg,TRUE,FALSE,Used by ticket archive
brian-jonestown-massacre-terminal-five-2008.jpg,TRUE,FALSE,Used by ticket archive
brian-jonestown-massacre-the-parish-2005.jpg,TRUE,FALSE,Used by ticket archive
britney-spears-madison-square-garden-2009.jpg,TRUE,FALSE,Used by ticket archive
caleb-hawley-mercury-lounge-2014.jpg,TRUE,FALSE,Used by ticket archive
caribou-bowery-ballroom-2008.jpg,TRUE,FALSE,Used by ticket archive
cass-mccombs-public-theater-2009.jpg,TRUE,FALSE,Used by ticket archive
cat-power-white-eagle-hall-2022.jpg,TRUE,FALSE,Used by ticket archive
clientele-emos-2007.jpg,TRUE,FALSE,Used by ticket archive
clinic-gramercy-theater-2007.jpg,TRUE,FALSE,Used by ticket archive
courtney-barnett-and-kurt-vile-beacon-theater-2017.jpg,TRUE,FALSE,Used by ticket archive
courtney-barnett-bowery-ballroom-2015.jpg,TRUE,FALSE,Used by ticket archive
courtney-barnett-lucindas-2025_setlist.jpg,TRUE,FALSE,Used by ticket archive
courtney-barnett-music-hall-of-williamsburg-2014.jpg,TRUE,FALSE,Used by ticket archive
courtney-barnett-terminal-five-2015.jpg,TRUE,FALSE,Used by ticket archive
crocodiles-music-hall-of-williamsburg-2011.jpg,TRUE,FALSE,Used by ticket archive
dead-and-company-madison-square-garden-2015.jpg,TRUE,FALSE,Used by ticket archive
deerhunter-webster-hall-2019.jpg,TRUE,FALSE,Used by ticket archive
eels-terminal-five-2010.jpg,TRUE,FALSE,Used by ticket archive
fable-with-porcelain-raft-knockdown-center-2015.jpg,TRUE,FALSE,Used by ticket archive
fat-boy-slim-austin-music-hall-1999.jpg,TRUE,FALSE,Used by ticket archive
first-aid-kitbeacon-theater-2018.jpg,TRUE,FALSE,Used by ticket archive
fleet-foxes-williamsburg-waterfront-2011.jpg,TRUE,FALSE,Used by ticket archive
fleetwood-mac-madison-square-garden-2015.jpg,TRUE,FALSE,Used by ticket archive
gayngs-music-hall-of-williamsburg-2010.jpg,TRUE,FALSE,Used by ticket archive
george-strait-prudential-center-2014.jpg,TRUE,FALSE,Used by ticket archive
government-mule-beacon-theater-2017.jpg,TRUE,FALSE,Used by ticket archive
Gris-Gris-2006.jpg,TRUE,FALSE,Used by ticket archive
imogen-heap-stubbs-bbq-2006.jpg,TRUE,FALSE,Used by ticket archive
incredible-caffeine-world-rave-arks-ranch-2000.jpg,TRUE,FALSE,Used by ticket archive
jason-isbell-beacon-theater-2015.jpg,TRUE,FALSE,Used by ticket archive
john-prine-kings-theater-2016.jpg,TRUE,FALSE,Used by ticket archive
justin-timberlake-barclays-2013.jpg,TRUE,FALSE,Used by ticket archive
justin-timberlake-madison-square-garden-2018.jpg,TRUE,FALSE,Used by ticket archive
kanye-west-madison-square-garden-2008.jpg,TRUE,FALSE,Used by ticket archive
kings-of-leon-madison-square-garden-2010.jpg,TRUE,FALSE,Used by ticket archive
leon-bridges-beacon-theater-2016.jpg,TRUE,FALSE,Used by ticket archive
les-savy-fav-emos-2008.jpg,TRUE,FALSE,Used by ticket archive
Le-Tigre-Emos-2005.jpg,TRUE,FALSE,Used by ticket archive
little-richard-paramount-theater-2008.jpg,TRUE,FALSE,Used by ticket archive
lucinda-williams-la zona rosa-2004.jpg,TRUE,FALSE,Used by ticket archive
lucinda-williams-stubbs-bbq-2002.jpg,TRUE,FALSE,Used by ticket archive
m83-razzmatazz-2012.jpg,TRUE,FALSE,Used by ticket archive
madonna-madison-square-garden-2004.jpg,TRUE,FALSE,Used by ticket archive
madonna-madison-square-garden-2012.jpg,TRUE,FALSE,Used by ticket archive
modest-mouse-austin-music-hall-2005.jpg,TRUE,FALSE,Used by ticket archive
modest-mouse-stubbs-bbq-2003.jpg,TRUE,FALSE,Used by ticket archive
modest-mouse-stubbs-bbq-2004.jpg,TRUE,FALSE,Used by ticket archive
modest-mouse-webster-hall-2015.jpg,TRUE,FALSE,Used by ticket archive
my-morning-jacket-david-letterman-2010_front.jpg,TRUE,FALSE,Used by ticket archive
my-morning-jacket-david-terminal-five-2010.jpg,TRUE,FALSE,Used by ticket archive
my-morning-jacket-forest-hills-2021.jpg,TRUE,FALSE,Used by ticket archive
my-morning-jacket-stubbs-bbq-2006.jpg,TRUE,FALSE,Used by ticket archive
neil-michael-hagerty-and-the-howling-hex-knitting-factory-2008.jpg,TRUE,FALSE,Used by ticket archive
patti-smith-la zona rosa-2004.jpg,TRUE,FALSE,Used by ticket archive
peaches-emos-2004.jpg,TRUE,FALSE,Used by ticket archive
pixies-brooklyn-steel-2017.jpg,TRUE,FALSE,Used by ticket archive
pixies-brooklyn-steel-2018.jpg,TRUE,FALSE,Used by ticket archive
pixies-hammerstein-ballroom-2009.jpg,TRUE,FALSE,Used by ticket archive
pixies-reliant-arena-2004.jpg,TRUE,FALSE,Used by ticket archive
pixies-stubbs-bbq-2004.jpg,TRUE,FALSE,Used by ticket archive
pj-harvey-and-john-parish-beacon-theater-2009.jpg,TRUE,FALSE,Used by ticket archive
pj-harvey-brooklyn-steel-2017.jpg,TRUE,FALSE,Used by ticket archive
pj-harvey-fillmore-irving-plaza-2009.jpg,TRUE,FALSE,Used by ticket archive
pj-harvey-fillmore-philadelphia-2018.jpg,TRUE,FALSE,Used by ticket archive
pj-harvey-stubbs-bbq-2017.jpg,TRUE,FALSE,Used by ticket archive
pj-harvey-terminal-five-2011.jpg,TRUE,FALSE,Used by ticket archive
pj-harvey-terminal-five-2016.jpg,TRUE,FALSE,Used by ticket archive
porcelain-raft-mercury-lounge-2012.jpg,TRUE,FALSE,Used by ticket archive
robin-thicke-highline-ballroom-2013.jpg,TRUE,FALSE,Used by ticket archive
sharon-jones-beacon-theater-2014.jpg,TRUE,FALSE,Used by ticket archive
she-and-him-terminal-five-2008.jpg,TRUE,FALSE,Used by ticket archive
sigur-ros-madison-square-garden-2013.jpg,TRUE,FALSE,Used by ticket archive
sinead-oconnor-hogg-auditorium-2007.jpg,TRUE,FALSE,Used by ticket archive
sonic-youth-hammersmith-apollo-2010.jpg,TRUE,FALSE,Used by ticket archive
sonic-youth-stubbs-bbq-2006.jpg,TRUE,FALSE,Used by ticket archive
sparklehorse-emos-2006.jpg,TRUE,FALSE,Used by ticket archive
spoon-white-eagle-hall-2024.jpg,TRUE,FALSE,Used by ticket archive
sturgill-simpson-kings-theater-2016.jpg,TRUE,FALSE,Used by ticket archive
sturgill-simpson-music-hall-of-williamsburg-2015.jpg,TRUE,FALSE,Used by ticket archive
supergrass-the-parish-2006.jpg,TRUE,FALSE,Used by ticket archive
tame-impala-beacon-theater-2014.jpg,TRUE,FALSE,Used by ticket archive
the-bad-plus-with-bill-frisell-jazz-at-lincoln-center-2013.jpg,TRUE,FALSE,Used by ticket archive
the-black-angels-bowery-ballroom-2010.jpg,TRUE,FALSE,Used by ticket archive
the-black-lips-bowery-ballroom-2008.jpg,TRUE,FALSE,Used by ticket archive
the-breeders-webster-hall-2008.jpg,TRUE,FALSE,Used by ticket archive
the-breeders-webster-hall-2013.jpg,TRUE,FALSE,Used by ticket archive
the-breeders-webster-hall-2013_II.jpg,TRUE,FALSE,Used by ticket archive
the-breeders-webster-hall-2013_III.jpg,TRUE,FALSE,Used by ticket archive
the-chicks-frank-erwin-center-2000.jpg,TRUE,FALSE,Used by ticket archive
the-clean-the-bell-house-2010.jpg,TRUE,FALSE,Used by ticket archive
thee-oh-sees-bowery-ballroom-2016.jpg,TRUE,FALSE,Used by ticket archive
thee-oh-sees-fillmore-irving-plaza-2013.jpg,TRUE,FALSE,Used by ticket archive
the-faint-emos-2002.jpg,TRUE,FALSE,Used by ticket archive
the-faint-la-zona-rosa-2004.jpg,TRUE,FALSE,Used by ticket archive
the-fall-indigo2-o2-arena-2011.jpg,TRUE,FALSE,Used by ticket archive
the-fall-stubbs-bbq-2006.jpg,TRUE,FALSE,Used by ticket archive
the-knife-terminal-five-2014.jpg,TRUE,FALSE,Used by ticket archive
the-pretenders-austin-music-hall-2006.jpg,TRUE,FALSE,Used by ticket archive
the-rapture-and-black-rebel-motorcycle-club-stubbs-bbq-2004.jpg,TRUE,FALSE,Used by ticket archive
the-vaselines-southpaw-2008.jpg,TRUE,FALSE,Used by ticket archive
the-vaselines-webster-hall-2010.jpg,TRUE,FALSE,Used by ticket archive
the-wallflowers-frank-erwin-center-1997.jpg,TRUE,FALSE,Used by ticket archive
the-white-stripes-stubbs-bbq-2003.jpg,TRUE,FALSE,Used by ticket archive
third-eye-blind-austin-music-hall-1998.jpg,TRUE,FALSE,Used by ticket archive
tim-mcgraw-and-faith-hill-barclays-center-2017.jpg,TRUE,FALSE,Used by ticket archive
tobias-jesso-jr-music-hall-of-williamsburg-2015.jpg,TRUE,FALSE,Used by ticket archive
tony-bennett-90th-birthday-radio-city-music-hall-2016.jpg,TRUE,FALSE,Used by ticket archive
true-colors-radio-city-music-hall-2008.jpg,TRUE,FALSE,Used by ticket archive
villa-rufolo-ravello-2013.jpg,TRUE,FALSE,Used by ticket archive
wilco-beacon-theater-2017.jpg,TRUE,FALSE,Used by ticket archive
wilco-stubbs-2004.jpg,TRUE,FALSE,Used by ticket archive
wilco-united-palace-2022.jpg,TRUE,FALSE,Used by ticket archive
willie-nelson-propect-park-2015.jpg,TRUE,FALSE,Used by ticket archive
women-mercury-lounge-2010.jpg,TRUE,FALSE,Used by ticket archive
yax-terminal-five-2008.jpg,TRUE,FALSE,Used by ticket archive
yeah-yeah-yeahs-emos-2003.jpg,TRUE,FALSE,Used by ticket archive
yeah-yeah-yeahs-stubbs-bbq-2006.jpg,TRUE,FALSE,Used by ticket archive
yeah-yeah-yeahs-webster-hall-2013.jpg,TRUE,FALSE,Used by ticket archive
yuck-music-hall-of-williamsburg-2011.jpg,TRUE,FALSE,Used by ticket archive
