"ImageName","ReferencedOnSite","ExistsInFolder","Status"
"adele-madison-square-garden-2016_confetti.jpg","False","True","In folder only"
"adele-madison-square-garden-2016_ticket-jacket.jpg","False","True","In folder only"
"adele-radio-city-music-hall-2015_celebrity-list.jpg","False","True","In folder only"
"Aerosmith__Frank Erwin Center_1997.jpg","False","True","In folder only"
"aerosmith-frank-erwin-center-1997-share.jpg","False","True","In folder only"
"all-points-west-festival-liberty-state-park-2008.jpg","False","True","In folder only"
"anthony-photo.jpg","False","True","In folder only"
"anthony-photo.jpg.jpg","False","True","In folder only"
"Austin.jpg","False","True","In folder only"
"band-of-horses-david-letterman-2012_back.jpg","False","True","In folder only"
"BKRL.jpg","False","True","In folder only"
"Blur_Smashmouth_Liberty Lunch_1997.jpg","False","True","In folder only"
"blur-liberty-lunch-1997-share.jpg","False","True","In folder only"
"Collecting.jpg","False","True","In folder only"
"Cookies.jpg","False","True","In folder only"
"Counting Crows_Wallflowers_Frank Erwin Center_1997.jpg","False","True","In folder only"
"Dad_Singing.jpg","False","True","In folder only"
"eels-terminal-five-2010_backstage_pass.jpg","False","True","In folder only"
"kanye-west-madison-square-garden-2008_afterparty-pass.jpg","False","True","In folder only"
"lucinda-williams-la zona rosa-2004_back-stage-pass.jpg","False","True","In folder only"
"m83-razzmatazz-2012_backstage-pass.jpg","False","True","In folder only"
"m83-razzmatazz-2012_backstage-porcelain-raft-lounge-sign.jpg","False","True","In folder only"
"Me_Mom_Dad.jpg","False","True","In folder only"
"Me_Seanie.jpg","False","True","In folder only"
"Mexico_City.jpg","False","True","In folder only"
"Mickey_Me.jpg","False","True","In folder only"
"my-morning-jacket-david-letterman-2010_back.jpg","False","True","In folder only"
"my-morning-jacket-david-terminal-five-2010_setlist.jpg","False","True","In folder only"
"NY.jpg","False","True","In folder only"
"PS_OASIS.jpg","False","True","In folder only"
"shore-thang-auditorium-shores-2000_article.jpg","False","True","In folder only"
"Snap_NY.jpg","False","True","In folder only"
"the-wallflowers-frank-erwin-center-1997-share.jpg","False","True","In folder only"
"Third Eye Blind_Austin Music Hall_1998.jpg","False","True","In folder only"
"third-eye-blind-austin-music-hall-1998-share.jpg","False","True","In folder only"
"Travel.jpg","False","True","In folder only"
"yeah-yeah-yeahs-webster-hall-2013_VIP-pass.jpg","False","True","In folder only"
"adele-madison-square-garden-2016.jpg","True","True","OK"
"adele-radio-city-music-hall-2015.jpg","True","True","OK"
"aerosmith-frank-erwin-center-1997.jpg","True","True","OK"
"aimee-mann-hogg-auditorium-2005.jpg","True","True","OK"
"airport-2-rave-arks-ranch-2000.jpg","True","True","OK"
"animal-collective-antones-2007.jpg","True","True","OK"
"animal-collective-prospect-park-2011.jpg","True","True","OK"
"anohni-antony-and-the-johnsons-alice-tully-hall-2010.jpg","True","True","OK"
"arcade-fire-air-canada-center-2017.jpg","True","True","OK"
"arcade-fire-o2-arena-2010.jpg","True","True","OK"
"arcade-fire-stubbs-bbq-2005.jpg","True","True","OK"
"ariel-pink-webster-hall-2010.jpg","True","True","OK"
"band-of-horses-david-letterman-2012_front.jpg","True","True","OK"
"beach-house-bowery-ballroom-2008.jpg","True","True","OK"
"belle-and-sebastian-forest-hills-2018.jpg","True","True","OK"
"ben-harper-back-yard-2003.jpg","True","True","OK"
"beyonce-barclays-2013.jpg","True","True","OK"
"bikini-kill-terminal-five-2019.jpg","True","True","OK"
"blonde-redhead-emos-2004.jpg","True","True","OK"
"blur-liberty-lunch-1997.jpg","True","True","OK"
"blur-madison-square-garden-2015.jpg","True","True","OK"
"brian-jonestown-massacre-terminal-five-2008.jpg","True","True","OK"
"brian-jonestown-massacre-the-parish-2005.jpg","True","True","OK"
"britney-spears-madison-square-garden-2009.jpg","True","True","OK"
"caleb-hawley-mercury-lounge-2014.jpg","True","True","OK"
"caribou-bowery-ballroom-2008.jpg","True","True","OK"
"cass-mccombs-public-theater-2009.jpg","True","True","OK"
"cat-power-white-eagle-hall-2022.jpg","True","True","OK"
"clientele-emos-2007.jpg","True","True","OK"
"clinic-gramercy-theater-2007.jpg","True","True","OK"
"courtney-barnett-and-kurt-vile-beacon-theater-2017.jpg","True","True","OK"
"courtney-barnett-bowery-ballroom-2015.jpg","True","True","OK"
"courtney-barnett-lucindas-2025_setlist.jpg","True","True","OK"
"courtney-barnett-music-hall-of-williamsburg-2014.jpg","True","True","OK"
"courtney-barnett-terminal-five-2015.jpg","True","True","OK"
"crocodiles-music-hall-of-williamsburg-2011.jpg","True","True","OK"
"dead-and-company-madison-square-garden-2015.jpg","True","True","OK"
"deerhunter-webster-hall-2019.jpg","True","True","OK"
"eels-terminal-five-2010.jpg","True","True","OK"
"fable-with-porcelain-raft-knockdown-center-2015.jpg","True","True","OK"
"fat-boy-slim-austin-music-hall-1999.jpg","True","True","OK"
"first-aid-kitbeacon-theater-2018.jpg","True","True","OK"
"fleet-foxes-williamsburg-waterfront-2011.jpg","True","True","OK"
"fleetwood-mac-madison-square-garden-2015.jpg","True","True","OK"
"gayngs-music-hall-of-williamsburg-2010.jpg","True","True","OK"
"george-strait-prudential-center-2014.jpg","True","True","OK"
"government-mule-beacon-theater-2017.jpg","True","True","OK"
"Gris-Gris-2006.jpg","True","True","OK"
"imogen-heap-stubbs-bbq-2006.jpg","True","True","OK"
"incredible-caffeine-world-rave-arks-ranch-2000.jpg","True","True","OK"
"jason-isbell-beacon-theater-2015.jpg","True","True","OK"
"john-prine-kings-theater-2016.jpg","True","True","OK"
"justin-timberlake-barclays-2013.jpg","True","True","OK"
"justin-timberlake-madison-square-garden-2018.jpg","True","True","OK"
"kanye-west-madison-square-garden-2008.jpg","True","True","OK"
"kings-of-leon-madison-square-garden-2010.jpg","True","True","OK"
"leon-bridges-beacon-theater-2016.jpg","True","True","OK"
"les-savy-fav-emos-2008.jpg","True","True","OK"
"Le-Tigre-Emos-2005.jpg","True","True","OK"
"little-richard-paramount-theater-2008.jpg","True","True","OK"
"lucinda-williams-la zona rosa-2004.jpg","True","True","OK"
"lucinda-williams-stubbs-bbq-2002.jpg","True","True","OK"
"m83-razzmatazz-2012.jpg","True","True","OK"
"madonna-madison-square-garden-2004.jpg","True","True","OK"
"madonna-madison-square-garden-2012.jpg","True","True","OK"
"modest-mouse-austin-music-hall-2005.jpg","True","True","OK"
"modest-mouse-stubbs-bbq-2003.jpg","True","True","OK"
"modest-mouse-stubbs-bbq-2004.jpg","True","True","OK"
"modest-mouse-webster-hall-2015.jpg","True","True","OK"
"my-morning-jacket-david-letterman-2010_front.jpg","True","True","OK"
"my-morning-jacket-david-terminal-five-2010.jpg","True","True","OK"
"my-morning-jacket-forest-hills-2021.jpg","True","True","OK"
"my-morning-jacket-stubbs-bbq-2006.jpg","True","True","OK"
"neil-michael-hagerty-and-the-howling-hex-knitting-factory-2008.jpg","True","True","OK"
"patti-smith-la zona rosa-2004.jpg","True","True","OK"
"peaches-emos-2004.jpg","True","True","OK"
"pixies-brooklyn-steel-2017.jpg","True","True","OK"
"pixies-brooklyn-steel-2018.jpg","True","True","OK"
"pixies-hammerstein-ballroom-2009.jpg","True","True","OK"
"pixies-reliant-arena-2004.jpg","True","True","OK"
"pixies-stubbs-bbq-2004.jpg","True","True","OK"
"pj-harvey-and-john-parish-beacon-theater-2009.jpg","True","True","OK"
"pj-harvey-brooklyn-steel-2017.jpg","True","True","OK"
"pj-harvey-fillmore-irving-plaza-2009.jpg","True","True","OK"
"pj-harvey-fillmore-philadelphia-2018.jpg","True","True","OK"
"pj-harvey-stubbs-bbq-2017.jpg","True","True","OK"
"pj-harvey-terminal-five-2011.jpg","True","True","OK"
"pj-harvey-terminal-five-2016.jpg","True","True","OK"
"porcelain-raft-mercury-lounge-2012.jpg","True","True","OK"
"robin-thicke-highline-ballroom-2013.jpg","True","True","OK"
"sharon-jones-beacon-theater-2014.jpg","True","True","OK"
"she-and-him-terminal-five-2008.jpg","True","True","OK"
"sigur-ros-madison-square-garden-2013.jpg","True","True","OK"
"sinead-oconnor-hogg-auditorium-2007.jpg","True","True","OK"
"sonic-youth-hammersmith-apollo-2010.jpg","True","True","OK"
"sonic-youth-stubbs-bbq-2006.jpg","True","True","OK"
"sparklehorse-emos-2006.jpg","True","True","OK"
"spoon-white-eagle-hall-2024.jpg","True","True","OK"
"sturgill-simpson-kings-theater-2016.jpg","True","True","OK"
"sturgill-simpson-music-hall-of-williamsburg-2015.jpg","True","True","OK"
"supergrass-the-parish-2006.jpg","True","True","OK"
"tame-impala-beacon-theater-2014.jpg","True","True","OK"
"the-bad-plus-with-bill-frisell-jazz-at-lincoln-center-2013.jpg","True","True","OK"
"the-black-angels-bowery-ballroom-2010.jpg","True","True","OK"
"the-black-lips-bowery-ballroom-2008.jpg","True","True","OK"
"the-breeders-webster-hall-2008.jpg","True","True","OK"
"the-breeders-webster-hall-2013.jpg","True","True","OK"
"the-breeders-webster-hall-2013_II.jpg","True","True","OK"
"the-breeders-webster-hall-2013_III.jpg","True","True","OK"
"the-chicks-frank-erwin-center-2000.jpg","True","True","OK"
"the-clean-the-bell-house-2010.jpg","True","True","OK"
"thee-oh-sees-bowery-ballroom-2016.jpg","True","True","OK"
"thee-oh-sees-fillmore-irving-plaza-2013.jpg","True","True","OK"
"the-faint-emos-2002.jpg","True","True","OK"
"the-faint-la-zona-rosa-2004.jpg","True","True","OK"
"the-fall-indigo2-o2-arena-2011.jpg","True","True","OK"
"the-fall-stubbs-bbq-2006.jpg","True","True","OK"
"the-knife-terminal-five-2014.jpg","True","True","OK"
"the-pretenders-austin-music-hall-2006.jpg","True","True","OK"
"the-rapture-and-black-rebel-motorcycle-club-stubbs-bbq-2004.jpg","True","True","OK"
"the-vaselines-southpaw-2008.jpg","True","True","OK"
"the-vaselines-webster-hall-2010.jpg","True","True","OK"
"the-wallflowers-frank-erwin-center-1997.jpg","True","True","OK"
"the-white-stripes-stubbs-bbq-2003.jpg","True","True","OK"
"third-eye-blind-austin-music-hall-1998.jpg","True","True","OK"
"tim-mcgraw-and-faith-hill-barclays-center-2017.jpg","True","True","OK"
"tobias-jesso-jr-music-hall-of-williamsburg-2015.jpg","True","True","OK"
"tony-bennett-90th-birthday-radio-city-music-hall-2016.jpg","True","True","OK"
"true-colors-radio-city-music-hall-2008.jpg","True","True","OK"
"villa-rufolo-ravello-2013.jpg","True","True","OK"
"wilco-beacon-theater-2017.jpg","True","True","OK"
"wilco-stubbs-2004.jpg","True","True","OK"
"wilco-united-palace-2022.jpg","True","True","OK"
"willie-nelson-propect-park-2015.jpg","True","True","OK"
"women-mercury-lounge-2010.jpg","True","True","OK"
"yax-terminal-five-2008.jpg","True","True","OK"
"yeah-yeah-yeahs-emos-2003.jpg","True","True","OK"
"yeah-yeah-yeahs-stubbs-bbq-2006.jpg","True","True","OK"
"yeah-yeah-yeahs-webster-hall-2013.jpg","True","True","OK"
"yuck-music-hall-of-williamsburg-2011.jpg","True","True","OK"
